{"stats":{"minecraft:mined":{"minecraft:spruce_log":7,"minecraft:pumpkin":4,"minecraft:spruce_leaves":6,"minecraft:stone":9},"minecraft:crafted":{"minecraft:lantern":1,"justhammers:stone_hammer":1,"minecraft:iron_nugget":9,"minecraft:spruce_planks":28,"minecraft:stick":12,"minecraft:wooden_pickaxe":1,"minecraft:iron_ingot":3,"minecraft:stone":3,"minecraft:torch":4,"minecraft:air":0},"minecraft:used":{"minecraft:diorite":17,"minecraft:wooden_pickaxe":9,"justhammers:stone_hammer":60},"minecraft:dropped":{"justhammers:stone_hammer":1,"minecraft:lantern":1,"minecraft:wooden_pickaxe":1},"minecraft:killed":{"born_in_chaos_v1:corpse_fish":1},"minecraft:picked_up":{"minecraft:stick":2,"minecraft:raw_iron":5,"minecraft:pumpkin":4,"minecraft:diorite":199,"minecraft:spruce_log":7,"minecraft:lantern":1,"minecraft:raw_copper":54,"minecraft:cooked_salmon":3,"minecraft:coal":45,"minecraft:cobblestone":125},"minecraft:custom":{"minecraft:time_since_rest":12178,"minecraft:interact_with_furnace":10,"minecraft:sprint_one_cm":26814,"minecraft:damage_taken":395,"minecraft:walk_one_cm":18230,"minecraft:mob_kills":1,"minecraft:drop":3,"minecraft:damage_dealt":50,"minecraft:swim_one_cm":7140,"minecraft:interact_with_crafting_table":4,"minecraft:fly_one_cm":59926,"minecraft:crouch_one_cm":1060,"minecraft:play_time":19780,"minecraft:deaths":1,"minecraft:sneak_time":857,"minecraft:walk_under_water_one_cm":359,"minecraft:jump":258,"minecraft:walk_on_water_one_cm":2639,"minecraft:time_since_death":12696,"minecraft:total_world_time":19780,"minecraft:fall_one_cm":9572}},"DataVersion":3465}