{"stats":{"minecraft:mined":{"minecraft:spruce_log":7,"minecraft:pumpkin":4,"minecraft:grass":17,"minecraft:oak_log":6,"minecraft:spruce_leaves":6,"minecraft:stone":9},"minecraft:crafted":{"minecraft:lantern":1,"minecraft:oak_planks":20,"justhammers:stone_hammer":1,"minecraft:iron_nugget":9,"minecraft:spruce_planks":28,"minecraft:stick":20,"minecraft:wooden_pickaxe":2,"minecraft:iron_ingot":3,"minecraft:stone":3,"minecraft:torch":28,"minecraft:air":0},"minecraft:dropped":{"justhammers:stone_hammer":1,"minecraft:lantern":1,"minecraft:wooden_pickaxe":1},"minecraft:used":{"minecraft:oak_log":1,"minecraft:diorite":17,"minecraft:wooden_pickaxe":9,"justhammers:stone_hammer":60,"minecraft:torch":4},"minecraft:killed":{"born_in_chaos_v1:corpse_fish":1},"minecraft:picked_up":{"minecraft:stick":2,"minecraft:raw_iron":5,"minecraft:pumpkin":4,"minecraft:oak_log":6,"minecraft:diorite":199,"minecraft:spruce_log":7,"minecraft:lantern":1,"minecraft:raw_copper":54,"minecraft:cooked_salmon":3,"minecraft:wheat_seeds":1,"minecraft:coal":45,"minecraft:cobblestone":125},"minecraft:custom":{"minecraft:time_since_rest":3798,"minecraft:interact_with_furnace":17,"minecraft:sprint_one_cm":47491,"minecraft:damage_taken":625,"minecraft:walk_one_cm":27896,"minecraft:mob_kills":1,"minecraft:drop":3,"minecraft:damage_dealt":50,"minecraft:swim_one_cm":24066,"minecraft:interact_with_crafting_table":5,"minecraft:fly_one_cm":104238,"minecraft:crouch_one_cm":1060,"minecraft:play_time":31004,"minecraft:deaths":2,"minecraft:sneak_time":893,"minecraft:walk_under_water_one_cm":1281,"minecraft:jump":408,"minecraft:eat_cake_slice":6,"minecraft:walk_on_water_one_cm":8357,"minecraft:time_since_death":6197,"minecraft:total_world_time":31004,"minecraft:fall_one_cm":11010}},"DataVersion":3465}