{"stats":{"minecraft:crafted":{"minecraft:spruce_planks":4},"minecraft:mined":{"minecraft:spruce_log":1,"minecraft:pumpkin":4},"minecraft:picked_up":{"minecraft:spruce_log":1,"minecraft:pumpkin":4},"minecraft:custom":{"minecraft:jump":96,"minecraft:time_since_rest":178,"minecraft:deaths":1,"minecraft:crouch_one_cm":991,"minecraft:damage_taken":215,"minecraft:sprint_one_cm":9681,"minecraft:play_time":7780,"minecraft:time_since_death":696,"minecraft:walk_one_cm":4599,"minecraft:sneak_time":570,"minecraft:total_world_time":7780,"minecraft:fall_one_cm":2572,"minecraft:fly_one_cm":30557}},"DataVersion":3465}