{"stats":{"minecraft:mined":{"minecraft:torch":2,"minecraft:oak_pressure_plate":1,"minecraft:cobblestone":12,"minecraft:spruce_leaves":6,"minecraft:oak_planks":3,"minecraft:spruce_log":7,"minecraft:pumpkin":4,"minecraft:grass":17,"minecraft:oak_log":6,"minecraft:iron_bars":3,"minecraft:dirt":1,"minecraft:polished_andesite":1,"minecraft:stone":9},"minecraft:crafted":{"minecraft:oak_planks":20,"minecraft:iron_nugget":9,"minecraft:spruce_planks":28,"minecraft:wooden_pickaxe":2,"minecraft:stone":7,"minecraft:air":0,"minecraft:lantern":1,"justhammers:stone_hammer":2,"minecraft:stick":28,"minecraft:iron_ingot":3,"minecraft:stone_sword":1,"minecraft:torch":28},"minecraft:dropped":{"minecraft:lantern":1,"justhammers:stone_hammer":1,"minecraft:wooden_pickaxe":2},"minecraft:used":{"minecraft:diorite":17,"minecraft:iron_bars":1,"minecraft:wooden_pickaxe":31,"minecraft:cooked_chicken":2,"minecraft:torch":34,"minecraft:chainmail_chestplate":1,"minecraft:carrot":4,"minecraft:oak_log":1,"born_in_chaos_v1:corpse_maggot":5,"justhammers:stone_hammer":60,"minecraft:stone_axe":60,"minecraft:cooked_porkchop":3,"minecraft:cooked_rabbit":3,"minecraft:cooked_beef":2},"minecraft:killed":{"minecraft:spider":1,"minecraft:skeleton":2,"minecraft:zombie":1,"born_in_chaos_v1:corpse_fly":2,"born_in_chaos_v1:corpse_fish":1},"minecraft:picked_up":{"born_in_chaos_v1:corpse_maggot":5,"minecraft:wooden_pickaxe":1,"minecraft:oak_stairs":6,"minecraft:oak_log":6,"minecraft:dirt":1,"minecraft:lantern":1,"minecraft:raw_copper":54,"minecraft:cooked_salmon":3,"minecraft:iron_shovel":1,"minecraft:bone":2,"minecraft:wheat_seeds":1,"minecraft:iron_ingot":1,"minecraft:oak_planks":64,"minecraft:raw_iron":5,"minecraft:stick":9,"minecraft:cooked_porkchop":3,"minecraft:pumpkin":4,"minecraft:torch":2,"minecraft:bowl":4,"minecraft:carrot":4,"tombstone:grave_dust":2,"minecraft:diorite":199,"minecraft:spruce_log":7,"minecraft:leather_helmet":1,"minecraft:arrow":3,"minecraft:rotten_flesh":2,"minecraft:gold_ingot":2,"minecraft:leather_horse_armor":1,"minecraft:iron_bars":3,"minecraft:coal":45,"minecraft:cobblestone":134},"minecraft:custom":{"minecraft:interact_with_furnace":20,"minecraft:mob_kills":7,"minecraft:interact_with_crafting_table":7,"minecraft:eat_cake_slice":6,"minecraft:leave_game":1,"minecraft:time_since_death":23131,"minecraft:time_since_rest":20732,"minecraft:sprint_one_cm":106925,"minecraft:damage_taken":1707,"minecraft:walk_one_cm":72378,"minecraft:drop":4,"minecraft:damage_dealt":985,"minecraft:swim_one_cm":24066,"minecraft:fly_one_cm":111852,"minecraft:open_chest":13,"minecraft:crouch_one_cm":4395,"minecraft:play_time":47938,"tombstone:undead_killed":3,"minecraft:deaths":2,"minecraft:sneak_time":1495,"minecraft:walk_under_water_one_cm":1281,"minecraft:jump":445,"minecraft:walk_on_water_one_cm":8357,"minecraft:total_world_time":47938,"minecraft:fall_one_cm":11345}},"DataVersion":3465}