{"stats":{"minecraft:used":{"minecraft:iron_bars":7,"minecraft:stone_sword":128,"minecraft:chest":2,"minecraft:spruce_planks":3,"minecraft:shield":22,"minecraft:iron_sword":282,"minecraft:cooked_salmon":3,"minecraft:torch":132,"minecraft:dirt":4,"minecraft:carrot":7,"minecraft:granite":16,"minecraft:mossy_cobblestone_stairs":2,"born_in_chaos_v1:corpse_maggot":1,"minecraft:polished_andesite_stairs":1,"minecraft:iron_boots":1,"minecraft:sweet_berries":2,"minecraft:furnace":6,"tombstone:gift":4,"minecraft:cooked_beef":7,"minecraft:potato":1,"minecraft:cooked_mutton":2,"minecraft:mossy_stone_bricks":1,"minecraft:diorite":32,"minecraft:stone_pickaxe":10,"minecraft:polished_andesite":1,"minecraft:baked_potato":4,"minecraft:oak_planks":33,"minecraft:wooden_pickaxe":40,"minecraft:cracked_stone_bricks":5,"minecraft:golden_apple":1,"minecraft:mossy_cobblestone":19,"minecraft:crafting_table":2,"minecraft:red_bed":1,"minecraft:dripstone_block":1,"tombstone:bag_of_seeds":1,"minecraft:oak_log":2,"minecraft:apple":1,"tombstone:magic_scroll":1,"justhammers:stone_hammer":178,"minecraft:stone_axe":103,"minecraft:diamond_sword":101,"minecraft:cobblestone":340,"minecraft:cooked_porkchop":2,"minecraft:andesite":4},"minecraft:broken":{"minecraft:stone_sword":1,"minecraft:chainmail_chestplate":1,"minecraft:golden_chestplate":1},"minecraft:picked_up":{"born_in_chaos_v1:seedof_chaos":4,"minecraft:leather_leggings":1,"minecraft:stone_brick_stairs":4,"minecraft:golden_sword":1,"minecraft:string":17,"minecraft:red_bed":1,"minecraft:raw_copper":18,"minecraft:iron_axe":1,"minecraft:iron_leggings":1,"minecraft:cracked_stone_bricks":29,"minecraft:bucket":1,"minecraft:spruce_planks":5,"minecraft:andesite_stairs":1,"minecraft:chest":2,"minecraft:iron_boots":2,"minecraft:furnace":1,"minecraft:golden_helmet":1,"minecraft:tipped_arrow":1,"minecraft:stick":8,"minecraft:raw_iron":7,"minecraft:stone":6,"born_in_chaos_v1:shattered_skull":1,"minecraft:torch":65,"minecraft:pointed_dripstone":5,"tombstone:grave_dust":14,"minecraft:diorite":35,"born_in_chaos_v1:pieceofdarkmetal":6,"minecraft:carrot":4,"minecraft:golden_chestplate":1,"minecraft:cauldron":1,"minecraft:tnt":4,"minecraft:quartz_block":3,"minecraft:arrow":15,"minecraft:rotten_flesh":81,"minecraft:diamond_boots":2,"tombstone:essence_of_undeath":2,"minecraft:mutton":2,"minecraft:iron_bars":24,"minecraft:snowball":16,"minecraft:cobblestone":469,"born_in_chaos_v1:corpse_maggot":21,"born_in_chaos_v1:monster_flesh":1,"minecraft:iron_door":1,"minecraft:andesite":115,"minecraft:salmon":6,"minecraft:brown_wool":1,"minecraft:potato":2,"minecraft:ice":1,"minecraft:oak_log":28,"minecraft:chainmail_chestplate":1,"minecraft:gunpowder":2,"minecraft:cobblestone_stairs":1,"minecraft:dirt":12,"minecraft:leather_boots":3,"minecraft:bone":50,"minecraft:stone_bricks":19,"minecraft:iron_ingot":2,"tombstone:bag_of_seeds":4,"minecraft:mossy_stone_bricks":31,"minecraft:iron_sword":2,"minecraft:oak_planks":182,"minecraft:mossy_stone_brick_stairs":6,"minecraft:book":12,"minecraft:polished_andesite_stairs":1,"minecraft:cooked_porkchop":2,"minecraft:music_disc_13":1,"minecraft:sweet_berries":2,"minecraft:chiseled_stone_bricks":5,"minecraft:oak_pressure_plate":1,"minecraft:dripstone_block":4,"minecraft:gravel":3,"minecraft:spruce_sapling":6,"minecraft:spruce_log":8,"minecraft:spider_eye":13,"minecraft:mossy_cobblestone":31,"minecraft:bundle":2,"minecraft:polished_andesite":9,"minecraft:slime_ball":2,"born_in_chaos_v1:fire_dust":2,"minecraft:stone_axe":2,"minecraft:iron_helmet":2,"minecraft:granite":16,"minecraft:bone_meal":3,"minecraft:mossy_cobblestone_stairs":2,"minecraft:chainmail_helmet":1,"tombstone:magic_scroll":1,"born_in_chaos_v1:rotten_fish":6,"minecraft:coal":153},"minecraft:crafted":{"minecraft:oak_planks":128,"minecraft:furnace":10,"minecraft:stone":19,"minecraft:cooked_mutton":2,"minecraft:iron_boots":1,"minecraft:stone_pickaxe":1,"minecraft:crafting_table":2,"minecraft:spruce_planks":32,"minecraft:wooden_pickaxe":1,"minecraft:cooked_salmon":6,"minecraft:stone_axe":1,"minecraft:air":0,"justhammers:stone_hammer":2,"minecraft:stick":52,"minecraft:stone_sword":1,"minecraft:torch":128},"minecraft:mined":{"minecraft:spruce_planks":3,"minecraft:mossy_cobblestone":6,"minecraft:granite":4,"minecraft:grass_block":4,"minecraft:spruce_leaves":12,"minecraft:chiseled_stone_bricks":2,"minecraft:large_fern":1,"minecraft:furnace":2,"minecraft:iron_ore":5,"minecraft:andesite":13,"minecraft:bookshelf":5,"minecraft:vine":2,"minecraft:iron_bars":6,"minecraft:stone":39,"minecraft:red_bed":1,"minecraft:torch":4,"minecraft:chest":2,"minecraft:cobblestone":5,"minecraft:oak_planks":5,"minecraft:diorite":1,"minecraft:wall_torch":5,"minecraft:sweet_berry_bush":1,"minecraft:spruce_log":8,"minecraft:grass":1,"minecraft:oak_log":18,"minecraft:coal_ore":4,"minecraft:gravel":3,"minecraft:dripstone_block":2,"minecraft:dirt":10,"minecraft:cracked_stone_bricks":6,"minecraft:polished_andesite":1,"minecraft:stone_bricks":3,"minecraft:mossy_stone_bricks":2},"minecraft:dropped":{"minecraft:cooked_porkchop":5,"minecraft:cobblestone":15,"minecraft:chainmail_helmet":1,"minecraft:stick":8,"minecraft:music_disc_13":1,"minecraft:diorite":3,"minecraft:cooked_salmon":3,"minecraft:string":2,"minecraft:spruce_sapling":6,"minecraft:bone":18,"minecraft:stone_axe":1,"born_in_chaos_v1:fire_dust":2,"minecraft:raw_copper":18,"minecraft:raw_iron":3,"minecraft:rotten_flesh":14,"minecraft:oak_planks":176,"minecraft:carrot":4,"minecraft:stone":6,"minecraft:spruce_planks":2,"born_in_chaos_v1:corpse_maggot":5,"minecraft:spider_eye":1,"minecraft:wooden_pickaxe":1},"minecraft:custom":{"minecraft:mob_kills":188,"minecraft:interact_with_crafting_table":9,"minecraft:damage_dealt_resisted":242,"minecraft:eat_cake_slice":1,"minecraft:leave_game":6,"minecraft:time_since_death":2803,"minecraft:climb_one_cm":1893,"minecraft:sprint_one_cm":336668,"minecraft:walk_one_cm":301868,"minecraft:damage_blocked_by_shield":1530,"minecraft:drop":38,"minecraft:play_time":134673,"minecraft:sneak_time":12011,"minecraft:deaths":19,"minecraft:walk_under_water_one_cm":19377,"minecraft:jump":2093,"minecraft:walk_on_water_one_cm":14506,"minecraft:total_world_time":134673,"minecraft:interact_with_furnace":53,"minecraft:interact_with_cartography_table":1,"minecraft:time_since_rest":2087,"minecraft:damage_taken":7636,"minecraft:damage_absorbed":40,"minecraft:damage_dealt":27812,"minecraft:swim_one_cm":32313,"minecraft:fly_one_cm":296012,"minecraft:open_chest":82,"minecraft:crouch_one_cm":19407,"tombstone:undead_killed":111,"minecraft:fall_one_cm":54834},"minecraft:killed":{"minecraft:spider":17,"born_in_chaos_v1:zombie_bruiser":1,"born_in_chaos_v1:maggot":36,"born_in_chaos_v1:baby_skeleton_minion":4,"minecraft:skeleton":11,"born_in_chaos_v1:baby_skeleton_2":1,"minecraft:drowned":1,"born_in_chaos_v1:corpse_fish":7,"born_in_chaos_v1:firelight_not_despawn":2,"born_in_chaos_v1:fallen_chaos_knight":2,"born_in_chaos_v1:bonescaller":2,"born_in_chaos_v1:baby_skeleton":1,"born_in_chaos_v1:swarmer":1,"minecraft:salmon":6,"dungeonsmod:pice":1,"minecraft:creeper":1,"born_in_chaos_v1:decrepit_skeleton":1,"minecraft:sheep":1,"minecraft:zombie":82,"born_in_chaos_v1:dread_hound":1,"born_in_chaos_v1:corpse_fly":3,"minecraft:stray":3,"born_in_chaos_v1:door_knight":1}},"DataVersion":3465}