{"stats":{"minecraft:crafted":{"minecraft:crafting_table":2,"minecraft:spruce_planks":32,"minecraft:wooden_pickaxe":1,"minecraft:furnace":10,"minecraft:cooked_salmon":6,"minecraft:stone":19,"minecraft:stone_axe":1,"minecraft:cooked_mutton":2,"minecraft:air":0,"justhammers:stone_hammer":2,"minecraft:stick":32,"minecraft:stone_pickaxe":1,"minecraft:stone_sword":1,"minecraft:torch":64},"minecraft:mined":{"minecraft:spruce_planks":3,"minecraft:torch":1,"minecraft:granite":4,"minecraft:grass_block":4,"minecraft:cobblestone":4,"minecraft:spruce_leaves":11,"minecraft:diorite":1,"minecraft:wall_torch":1,"minecraft:furnace":1,"minecraft:iron_ore":4,"minecraft:spruce_log":8,"minecraft:grass":1,"minecraft:coal_ore":4,"minecraft:dripstone_block":2,"minecraft:dirt":8,"minecraft:stone":39},"minecraft:dropped":{"minecraft:raw_copper":18,"minecraft:raw_iron":3,"minecraft:cobblestone":15,"minecraft:rotten_flesh":14,"minecraft:stone":6,"minecraft:diorite":3,"minecraft:cooked_salmon":3,"minecraft:wooden_pickaxe":1,"minecraft:string":2,"minecraft:spruce_sapling":6},"minecraft:used":{"minecraft:cooked_mutton":2,"minecraft:diorite":29,"minecraft:stone_sword":107,"minecraft:stone_pickaxe":10,"minecraft:spruce_planks":3,"minecraft:wooden_pickaxe":40,"minecraft:cooked_salmon":3,"minecraft:torch":17,"minecraft:crafting_table":2,"minecraft:dripstone_block":1,"minecraft:granite":16,"born_in_chaos_v1:corpse_maggot":1,"tombstone:magic_scroll":1,"justhammers:stone_hammer":88,"minecraft:stone_axe":28,"minecraft:cobblestone":340,"minecraft:furnace":6,"tombstone:gift":4,"minecraft:potato":1},"minecraft:killed":{"born_in_chaos_v1:fallen_chaos_knight":2,"born_in_chaos_v1:bonescaller":1,"born_in_chaos_v1:baby_skeleton":1,"minecraft:salmon":6,"minecraft:spider":2,"dungeonsmod:pice":1,"born_in_chaos_v1:zombie_bruiser":1,"born_in_chaos_v1:baby_skeleton_minion":2,"born_in_chaos_v1:decrepit_skeleton":1,"born_in_chaos_v1:maggot":7,"minecraft:sheep":1,"minecraft:skeleton":1,"minecraft:zombie":7,"born_in_chaos_v1:dread_hound":1,"minecraft:drowned":1,"born_in_chaos_v1:baby_skeleton_2":1,"born_in_chaos_v1:corpse_fish":7},"minecraft:picked_up":{"born_in_chaos_v1:corpse_maggot":1,"born_in_chaos_v1:monster_flesh":1,"minecraft:salmon":6,"born_in_chaos_v1:seedof_chaos":2,"minecraft:brown_wool":1,"minecraft:potato":1,"minecraft:ice":1,"minecraft:dirt":10,"minecraft:string":2,"minecraft:raw_copper":18,"minecraft:bone":6,"minecraft:spruce_planks":3,"minecraft:iron_ingot":1,"tombstone:bag_of_seeds":1,"minecraft:raw_iron":6,"minecraft:stone":6,"born_in_chaos_v1:shattered_skull":1,"minecraft:torch":3,"minecraft:dripstone_block":4,"minecraft:spruce_sapling":6,"minecraft:pointed_dripstone":5,"minecraft:diorite":35,"minecraft:spruce_log":8,"born_in_chaos_v1:pieceofdarkmetal":6,"minecraft:spider_eye":1,"minecraft:bundle":1,"minecraft:arrow":3,"minecraft:rotten_flesh":20,"minecraft:granite":16,"minecraft:bone_meal":3,"tombstone:essence_of_undeath":1,"tombstone:magic_scroll":1,"born_in_chaos_v1:rotten_fish":6,"minecraft:mutton":2,"minecraft:coal":90,"minecraft:snowball":16,"minecraft:cobblestone":440},"minecraft:custom":{"minecraft:interact_with_furnace":50,"minecraft:mob_kills":44,"minecraft:interact_with_crafting_table":9,"minecraft:damage_dealt_resisted":152,"minecraft:leave_game":2,"minecraft:time_since_death":24091,"minecraft:time_since_rest":23497,"minecraft:damage_taken":2375,"minecraft:sprint_one_cm":65227,"minecraft:walk_one_cm":103924,"minecraft:drop":12,"minecraft:damage_dealt":6720,"minecraft:swim_one_cm":32313,"minecraft:fly_one_cm":204041,"minecraft:crouch_one_cm":7769,"minecraft:play_time":56706,"tombstone:undead_killed":18,"minecraft:deaths":5,"minecraft:sneak_time":5493,"minecraft:walk_under_water_one_cm":19377,"minecraft:jump":1458,"minecraft:walk_on_water_one_cm":14024,"minecraft:total_world_time":56706,"minecraft:fall_one_cm":45817}},"DataVersion":3465}