{"stats":{"minecraft:crafted":{"justhammers:stone_hammer":1,"minecraft:crafting_table":1,"minecraft:spruce_planks":32,"minecraft:stick":24,"minecraft:wooden_pickaxe":1,"minecraft:stone_sword":1,"minecraft:furnace":1,"minecraft:stone":3,"minecraft:torch":64,"minecraft:stone_axe":1,"minecraft:air":0},"minecraft:mined":{"minecraft:spruce_planks":3,"minecraft:spruce_log":8,"minecraft:granite":4,"minecraft:grass_block":4,"minecraft:coal_ore":2,"minecraft:dripstone_block":2,"minecraft:dirt":8,"minecraft:cobblestone":1,"minecraft:spruce_leaves":8,"minecraft:stone":38,"minecraft:diorite":1,"minecraft:wall_torch":1},"minecraft:used":{"born_in_chaos_v1:corpse_maggot":1,"minecraft:stone_sword":49,"minecraft:wooden_pickaxe":40,"minecraft:spruce_planks":3,"justhammers:stone_hammer":75,"minecraft:torch":13,"minecraft:stone_axe":10,"minecraft:cobblestone":129,"minecraft:crafting_table":1,"minecraft:furnace":1,"tombstone:gift":4,"minecraft:dripstone_block":1,"minecraft:potato":1,"minecraft:granite":16},"minecraft:killed":{"minecraft:skeleton":1,"born_in_chaos_v1:fallen_chaos_knight":1,"born_in_chaos_v1:bonescaller":1,"minecraft:zombie":5,"born_in_chaos_v1:baby_skeleton":1,"born_in_chaos_v1:zombie_bruiser":1,"born_in_chaos_v1:decrepit_skeleton":1,"born_in_chaos_v1:baby_skeleton_minion":2,"born_in_chaos_v1:maggot":4},"minecraft:picked_up":{"born_in_chaos_v1:corpse_maggot":1,"minecraft:raw_iron":4,"born_in_chaos_v1:shattered_skull":1,"born_in_chaos_v1:seedof_chaos":2,"minecraft:torch":1,"minecraft:potato":1,"minecraft:dripstone_block":4,"minecraft:spruce_sapling":6,"minecraft:spruce_log":8,"minecraft:pointed_dripstone":5,"minecraft:diorite":1,"born_in_chaos_v1:pieceofdarkmetal":3,"minecraft:dirt":10,"minecraft:raw_copper":18,"minecraft:bundle":1,"minecraft:bone":5,"minecraft:arrow":3,"minecraft:rotten_flesh":14,"minecraft:spruce_planks":3,"minecraft:iron_ingot":1,"minecraft:granite":16,"tombstone:essence_of_undeath":1,"tombstone:magic_scroll":1,"minecraft:coal":83,"minecraft:snowball":16,"minecraft:cobblestone":335},"minecraft:custom":{"minecraft:time_since_rest":30,"minecraft:interact_with_furnace":3,"minecraft:sprint_one_cm":38396,"minecraft:damage_taken":1455,"minecraft:walk_one_cm":50223,"minecraft:mob_kills":17,"minecraft:damage_dealt":3069,"minecraft:swim_one_cm":6679,"minecraft:interact_with_crafting_table":4,"minecraft:fly_one_cm":131328,"minecraft:play_time":33239,"minecraft:crouch_one_cm":4906,"tombstone:undead_killed":13,"minecraft:deaths":5,"minecraft:sneak_time":2731,"minecraft:walk_under_water_one_cm":4408,"minecraft:damage_dealt_resisted":86,"minecraft:jump":817,"minecraft:leave_game":2,"minecraft:time_since_death":624,"minecraft:walk_on_water_one_cm":4368,"minecraft:total_world_time":33239,"minecraft:fall_one_cm":27501}},"DataVersion":3465}