{"stats":{"minecraft:killed":{"minecraft:spider":11,"born_in_chaos_v1:zombie_bruiser":1,"born_in_chaos_v1:maggot":29,"born_in_chaos_v1:baby_skeleton_minion":2,"minecraft:skeleton":7,"born_in_chaos_v1:baby_skeleton_2":1,"minecraft:drowned":1,"born_in_chaos_v1:corpse_fish":7,"born_in_chaos_v1:firelight_not_despawn":2,"born_in_chaos_v1:fallen_chaos_knight":2,"born_in_chaos_v1:bonescaller":1,"born_in_chaos_v1:baby_skeleton":1,"born_in_chaos_v1:swarmer":1,"minecraft:salmon":6,"dungeonsmod:pice":1,"minecraft:creeper":1,"born_in_chaos_v1:decrepit_skeleton":1,"minecraft:sheep":1,"minecraft:zombie":63,"born_in_chaos_v1:dread_hound":1,"born_in_chaos_v1:corpse_fly":3,"minecraft:stray":1,"born_in_chaos_v1:door_knight":1},"minecraft:dropped":{"minecraft:cooked_porkchop":5,"minecraft:cobblestone":15,"minecraft:chainmail_helmet":1,"minecraft:stick":8,"minecraft:music_disc_13":1,"minecraft:diorite":3,"minecraft:cooked_salmon":3,"minecraft:string":2,"minecraft:spruce_sapling":6,"minecraft:bone":18,"minecraft:stone_axe":1,"born_in_chaos_v1:fire_dust":2,"minecraft:raw_copper":18,"minecraft:raw_iron":3,"minecraft:rotten_flesh":14,"minecraft:oak_planks":176,"minecraft:carrot":4,"minecraft:stone":6,"minecraft:spruce_planks":2,"born_in_chaos_v1:corpse_maggot":5,"minecraft:spider_eye":1,"minecraft:wooden_pickaxe":1},"minecraft:custom":{"minecraft:mob_kills":147,"minecraft:interact_with_crafting_table":9,"minecraft:damage_dealt_resisted":242,"minecraft:eat_cake_slice":1,"minecraft:leave_game":4,"minecraft:time_since_death":0,"minecraft:sprint_one_cm":219647,"minecraft:walk_one_cm":222146,"minecraft:damage_blocked_by_shield":195,"minecraft:drop":38,"minecraft:play_time":101077,"minecraft:sneak_time":8653,"minecraft:deaths":14,"minecraft:walk_under_water_one_cm":19377,"minecraft:jump":1847,"minecraft:walk_on_water_one_cm":14024,"minecraft:total_world_time":101077,"minecraft:interact_with_furnace":53,"minecraft:interact_with_cartography_table":1,"minecraft:time_since_rest":2187,"minecraft:damage_taken":5620,"minecraft:damage_dealt":22314,"minecraft:swim_one_cm":32313,"minecraft:fly_one_cm":266991,"minecraft:open_chest":55,"minecraft:crouch_one_cm":14657,"tombstone:undead_killed":83,"minecraft:fall_one_cm":51389},"minecraft:crafted":{"minecraft:oak_planks":128,"minecraft:furnace":10,"minecraft:stone":19,"minecraft:cooked_mutton":2,"minecraft:iron_boots":1,"minecraft:stone_pickaxe":1,"minecraft:crafting_table":2,"minecraft:spruce_planks":32,"minecraft:wooden_pickaxe":1,"minecraft:cooked_salmon":6,"minecraft:stone_axe":1,"minecraft:air":0,"justhammers:stone_hammer":2,"minecraft:stick":52,"minecraft:stone_sword":1,"minecraft:torch":128},"minecraft:picked_up":{"born_in_chaos_v1:seedof_chaos":2,"minecraft:leather_leggings":1,"minecraft:golden_sword":1,"minecraft:string":10,"minecraft:red_bed":1,"minecraft:raw_copper":18,"minecraft:iron_axe":1,"minecraft:iron_leggings":1,"minecraft:cracked_stone_bricks":8,"minecraft:bucket":1,"minecraft:spruce_planks":5,"minecraft:andesite_stairs":1,"minecraft:chest":2,"minecraft:iron_boots":2,"minecraft:furnace":1,"minecraft:golden_helmet":1,"minecraft:stick":8,"minecraft:raw_iron":7,"minecraft:stone":6,"born_in_chaos_v1:shattered_skull":1,"minecraft:torch":59,"minecraft:pointed_dripstone":5,"tombstone:grave_dust":10,"minecraft:diorite":35,"born_in_chaos_v1:pieceofdarkmetal":6,"minecraft:carrot":4,"minecraft:golden_chestplate":1,"minecraft:cauldron":1,"minecraft:tnt":4,"minecraft:arrow":9,"minecraft:rotten_flesh":62,"tombstone:essence_of_undeath":2,"minecraft:mutton":2,"minecraft:iron_bars":9,"minecraft:snowball":16,"minecraft:cobblestone":465,"born_in_chaos_v1:corpse_maggot":17,"born_in_chaos_v1:monster_flesh":1,"minecraft:andesite":10,"minecraft:salmon":6,"minecraft:brown_wool":1,"minecraft:potato":2,"minecraft:ice":1,"minecraft:oak_log":28,"minecraft:chainmail_chestplate":1,"minecraft:gunpowder":2,"minecraft:dirt":12,"minecraft:leather_boots":3,"minecraft:bone":48,"minecraft:stone_bricks":3,"minecraft:iron_ingot":2,"tombstone:bag_of_seeds":3,"minecraft:mossy_stone_bricks":1,"minecraft:iron_sword":2,"minecraft:oak_planks":182,"minecraft:book":12,"minecraft:polished_andesite_stairs":1,"minecraft:cooked_porkchop":2,"minecraft:music_disc_13":1,"minecraft:sweet_berries":2,"minecraft:chiseled_stone_bricks":5,"minecraft:oak_pressure_plate":1,"minecraft:dripstone_block":4,"minecraft:gravel":2,"minecraft:spruce_sapling":6,"minecraft:spruce_log":8,"minecraft:spider_eye":5,"minecraft:mossy_cobblestone":2,"minecraft:bundle":2,"minecraft:polished_andesite":9,"minecraft:slime_ball":2,"born_in_chaos_v1:fire_dust":2,"minecraft:stone_axe":2,"minecraft:granite":16,"minecraft:bone_meal":3,"minecraft:chainmail_helmet":1,"tombstone:magic_scroll":1,"born_in_chaos_v1:rotten_fish":6,"minecraft:coal":153},"minecraft:used":{"minecraft:stone_sword":128,"minecraft:chest":2,"minecraft:spruce_planks":3,"minecraft:shield":4,"minecraft:iron_sword":261,"minecraft:cooked_salmon":3,"minecraft:torch":83,"minecraft:dirt":4,"minecraft:carrot":7,"minecraft:granite":16,"born_in_chaos_v1:corpse_maggot":1,"minecraft:polished_andesite_stairs":1,"minecraft:iron_boots":1,"minecraft:sweet_berries":2,"minecraft:furnace":6,"tombstone:gift":4,"minecraft:cooked_beef":4,"minecraft:potato":1,"minecraft:cooked_mutton":2,"minecraft:diorite":32,"minecraft:stone_pickaxe":10,"minecraft:polished_andesite":1,"minecraft:baked_potato":4,"minecraft:oak_planks":33,"minecraft:wooden_pickaxe":40,"minecraft:cracked_stone_bricks":3,"minecraft:crafting_table":2,"minecraft:red_bed":1,"minecraft:dripstone_block":1,"tombstone:bag_of_seeds":1,"minecraft:oak_log":2,"tombstone:magic_scroll":1,"justhammers:stone_hammer":127,"minecraft:stone_axe":92,"minecraft:cobblestone":340,"minecraft:cooked_porkchop":2,"minecraft:andesite":1},"minecraft:broken":{"minecraft:stone_sword":1,"minecraft:chainmail_chestplate":1},"minecraft:mined":{"minecraft:spruce_planks":3,"minecraft:mossy_cobblestone":2,"minecraft:granite":4,"minecraft:grass_block":4,"minecraft:spruce_leaves":12,"minecraft:chiseled_stone_bricks":2,"minecraft:large_fern":1,"minecraft:furnace":2,"minecraft:iron_ore":5,"minecraft:andesite":10,"minecraft:bookshelf":5,"minecraft:stone":39,"minecraft:red_bed":1,"minecraft:torch":1,"minecraft:chest":2,"minecraft:cobblestone":5,"minecraft:oak_planks":5,"minecraft:diorite":1,"minecraft:wall_torch":5,"minecraft:sweet_berry_bush":1,"minecraft:spruce_log":8,"minecraft:grass":1,"minecraft:oak_log":18,"minecraft:coal_ore":4,"minecraft:gravel":2,"minecraft:dripstone_block":2,"minecraft:dirt":10,"minecraft:cracked_stone_bricks":4,"minecraft:polished_andesite":1,"minecraft:stone_bricks":3,"minecraft:mossy_stone_bricks":1}},"DataVersion":3465}