{"stats":{"minecraft:broken":{"minecraft:stone_sword":1},"minecraft:picked_up":{"born_in_chaos_v1:seedof_chaos":2,"minecraft:red_bed":1,"minecraft:string":2,"minecraft:raw_copper":18,"minecraft:cracked_stone_bricks":5,"minecraft:bucket":1,"minecraft:spruce_planks":3,"minecraft:andesite_stairs":1,"minecraft:furnace":1,"minecraft:raw_iron":6,"minecraft:stone":6,"born_in_chaos_v1:shattered_skull":1,"minecraft:torch":55,"tombstone:grave_dust":2,"minecraft:pointed_dripstone":5,"minecraft:diorite":35,"born_in_chaos_v1:pieceofdarkmetal":6,"minecraft:carrot":3,"minecraft:cauldron":1,"minecraft:tnt":4,"minecraft:rotten_flesh":26,"minecraft:arrow":7,"tombstone:essence_of_undeath":2,"minecraft:mutton":2,"minecraft:iron_bars":9,"minecraft:snowball":16,"minecraft:cobblestone":465,"born_in_chaos_v1:corpse_maggot":11,"born_in_chaos_v1:monster_flesh":1,"minecraft:salmon":6,"minecraft:brown_wool":1,"minecraft:potato":1,"minecraft:ice":1,"minecraft:oak_log":26,"minecraft:chainmail_chestplate":1,"minecraft:dirt":12,"minecraft:bone":10,"minecraft:iron_ingot":1,"tombstone:bag_of_seeds":1,"minecraft:oak_planks":4,"minecraft:book":12,"minecraft:polished_andesite_stairs":1,"minecraft:cooked_porkchop":2,"minecraft:sweet_berries":2,"minecraft:chiseled_stone_bricks":5,"minecraft:oak_pressure_plate":1,"minecraft:dripstone_block":4,"minecraft:spruce_sapling":6,"minecraft:spruce_log":8,"minecraft:spider_eye":1,"minecraft:bundle":1,"minecraft:polished_andesite":9,"minecraft:slime_ball":2,"born_in_chaos_v1:fire_dust":2,"minecraft:stone_axe":1,"minecraft:granite":16,"minecraft:bone_meal":3,"tombstone:magic_scroll":1,"born_in_chaos_v1:rotten_fish":6,"minecraft:coal":153},"minecraft:dropped":{"minecraft:cooked_porkchop":5,"minecraft:cobblestone":15,"minecraft:diorite":3,"minecraft:cooked_salmon":3,"minecraft:string":2,"minecraft:spruce_sapling":6,"minecraft:stone_axe":1,"born_in_chaos_v1:fire_dust":2,"minecraft:raw_copper":18,"minecraft:raw_iron":3,"minecraft:rotten_flesh":14,"minecraft:carrot":4,"minecraft:stone":6,"minecraft:spruce_planks":2,"born_in_chaos_v1:corpse_maggot":5,"minecraft:wooden_pickaxe":1},"minecraft:used":{"minecraft:stone_sword":128,"minecraft:spruce_planks":3,"minecraft:iron_sword":9,"minecraft:cooked_salmon":3,"minecraft:torch":47,"minecraft:dirt":4,"minecraft:carrot":1,"minecraft:granite":16,"born_in_chaos_v1:corpse_maggot":1,"minecraft:polished_andesite_stairs":1,"minecraft:sweet_berries":2,"minecraft:furnace":6,"tombstone:gift":4,"minecraft:potato":1,"minecraft:cooked_mutton":2,"minecraft:diorite":32,"minecraft:stone_pickaxe":10,"minecraft:polished_andesite":1,"minecraft:oak_planks":23,"minecraft:wooden_pickaxe":40,"minecraft:cracked_stone_bricks":2,"minecraft:crafting_table":2,"minecraft:red_bed":1,"minecraft:dripstone_block":1,"tombstone:bag_of_seeds":1,"minecraft:oak_log":2,"tombstone:magic_scroll":1,"justhammers:stone_hammer":106,"minecraft:stone_axe":79,"minecraft:cobblestone":340,"minecraft:cooked_porkchop":2},"minecraft:crafted":{"minecraft:furnace":10,"minecraft:stone":19,"minecraft:cooked_mutton":2,"minecraft:stone_pickaxe":1,"minecraft:crafting_table":2,"minecraft:spruce_planks":32,"minecraft:wooden_pickaxe":1,"minecraft:cooked_salmon":6,"minecraft:stone_axe":1,"minecraft:air":0,"justhammers:stone_hammer":2,"minecraft:stick":32,"minecraft:stone_sword":1,"minecraft:torch":64},"minecraft:killed":{"minecraft:spider":3,"born_in_chaos_v1:zombie_bruiser":1,"born_in_chaos_v1:baby_skeleton_minion":2,"born_in_chaos_v1:maggot":12,"minecraft:skeleton":6,"born_in_chaos_v1:baby_skeleton_2":1,"minecraft:drowned":1,"born_in_chaos_v1:corpse_fish":7,"born_in_chaos_v1:firelight_not_despawn":2,"born_in_chaos_v1:fallen_chaos_knight":2,"born_in_chaos_v1:bonescaller":1,"born_in_chaos_v1:baby_skeleton":1,"born_in_chaos_v1:swarmer":1,"minecraft:salmon":6,"dungeonsmod:pice":1,"born_in_chaos_v1:decrepit_skeleton":1,"minecraft:sheep":1,"minecraft:zombie":9,"born_in_chaos_v1:dread_hound":1,"born_in_chaos_v1:corpse_fly":3,"born_in_chaos_v1:door_knight":1},"minecraft:mined":{"minecraft:spruce_planks":3,"minecraft:granite":4,"minecraft:grass_block":4,"minecraft:spruce_leaves":12,"minecraft:chiseled_stone_bricks":2,"minecraft:large_fern":1,"minecraft:furnace":2,"minecraft:iron_ore":4,"minecraft:bookshelf":4,"minecraft:stone":39,"minecraft:red_bed":1,"minecraft:torch":1,"minecraft:cobblestone":5,"minecraft:oak_planks":3,"minecraft:diorite":1,"minecraft:wall_torch":1,"minecraft:sweet_berry_bush":1,"minecraft:spruce_log":8,"minecraft:grass":1,"minecraft:oak_log":17,"minecraft:coal_ore":4,"minecraft:dripstone_block":2,"minecraft:dirt":10,"minecraft:cracked_stone_bricks":1,"minecraft:polished_andesite":1},"minecraft:custom":{"minecraft:mob_kills":64,"minecraft:interact_with_crafting_table":9,"minecraft:damage_dealt_resisted":152,"minecraft:eat_cake_slice":1,"minecraft:leave_game":3,"minecraft:time_since_death":3151,"minecraft:sprint_one_cm":180150,"minecraft:walk_one_cm":187982,"minecraft:drop":30,"minecraft:play_time":79724,"minecraft:deaths":13,"minecraft:sneak_time":7019,"minecraft:walk_under_water_one_cm":19377,"minecraft:jump":1663,"minecraft:walk_on_water_one_cm":14024,"minecraft:total_world_time":79724,"minecraft:interact_with_furnace":53,"minecraft:time_since_rest":2026,"minecraft:damage_taken":4710,"minecraft:damage_dealt":9757,"minecraft:swim_one_cm":32313,"minecraft:fly_one_cm":250169,"minecraft:open_chest":26,"minecraft:crouch_one_cm":11164,"tombstone:undead_killed":27,"minecraft:fall_one_cm":49287}},"DataVersion":3465}