{"stats":{"minecraft:crafted":{"minecraft:crafting_table":2,"minecraft:spruce_planks":32,"minecraft:wooden_pickaxe":1,"minecraft:furnace":10,"minecraft:cooked_salmon":6,"minecraft:stone":19,"minecraft:stone_axe":1,"minecraft:cooked_mutton":2,"minecraft:air":0,"justhammers:stone_hammer":2,"minecraft:stick":32,"minecraft:stone_pickaxe":1,"minecraft:stone_sword":1,"minecraft:torch":64},"minecraft:mined":{"minecraft:spruce_planks":3,"minecraft:red_bed":1,"minecraft:torch":1,"minecraft:granite":4,"minecraft:grass_block":4,"minecraft:cobblestone":4,"minecraft:spruce_leaves":12,"minecraft:diorite":1,"minecraft:wall_torch":1,"minecraft:large_fern":1,"minecraft:furnace":2,"minecraft:iron_ore":4,"minecraft:sweet_berry_bush":1,"minecraft:spruce_log":8,"minecraft:bookshelf":2,"minecraft:oak_log":1,"minecraft:grass":1,"minecraft:coal_ore":4,"minecraft:dripstone_block":2,"minecraft:dirt":10,"minecraft:stone":39},"minecraft:dropped":{"minecraft:raw_copper":18,"minecraft:cooked_porkchop":5,"minecraft:raw_iron":3,"minecraft:cobblestone":15,"minecraft:rotten_flesh":14,"minecraft:stone":6,"minecraft:diorite":3,"minecraft:cooked_salmon":3,"minecraft:wooden_pickaxe":1,"minecraft:string":2,"minecraft:spruce_sapling":6},"minecraft:used":{"minecraft:cooked_mutton":2,"minecraft:diorite":32,"minecraft:stone_sword":125,"minecraft:stone_pickaxe":10,"minecraft:oak_planks":9,"minecraft:spruce_planks":3,"minecraft:wooden_pickaxe":40,"minecraft:cooked_salmon":3,"minecraft:torch":30,"minecraft:dirt":4,"minecraft:crafting_table":2,"minecraft:red_bed":1,"minecraft:dripstone_block":1,"minecraft:granite":16,"born_in_chaos_v1:corpse_maggot":1,"tombstone:magic_scroll":1,"justhammers:stone_hammer":96,"minecraft:stone_axe":44,"minecraft:cobblestone":340,"minecraft:sweet_berries":2,"minecraft:furnace":6,"minecraft:cooked_porkchop":2,"tombstone:gift":4,"minecraft:potato":1},"minecraft:killed":{"born_in_chaos_v1:fallen_chaos_knight":2,"born_in_chaos_v1:bonescaller":1,"born_in_chaos_v1:baby_skeleton":1,"minecraft:salmon":6,"minecraft:spider":3,"dungeonsmod:pice":1,"born_in_chaos_v1:zombie_bruiser":1,"born_in_chaos_v1:baby_skeleton_minion":2,"born_in_chaos_v1:decrepit_skeleton":1,"born_in_chaos_v1:maggot":9,"minecraft:sheep":1,"minecraft:skeleton":2,"minecraft:zombie":9,"born_in_chaos_v1:dread_hound":1,"minecraft:drowned":1,"born_in_chaos_v1:baby_skeleton_2":1,"born_in_chaos_v1:corpse_fish":7,"born_in_chaos_v1:door_knight":1,"born_in_chaos_v1:firelight_not_despawn":2},"minecraft:picked_up":{"born_in_chaos_v1:corpse_maggot":2,"born_in_chaos_v1:monster_flesh":1,"minecraft:salmon":6,"born_in_chaos_v1:seedof_chaos":2,"minecraft:brown_wool":1,"minecraft:potato":1,"minecraft:ice":1,"minecraft:oak_log":11,"minecraft:red_bed":1,"minecraft:dirt":12,"minecraft:string":2,"minecraft:raw_copper":18,"minecraft:bone":8,"minecraft:bucket":1,"minecraft:spruce_planks":3,"minecraft:iron_ingot":1,"tombstone:bag_of_seeds":1,"minecraft:furnace":1,"minecraft:book":6,"minecraft:raw_iron":6,"minecraft:stone":6,"born_in_chaos_v1:shattered_skull":1,"minecraft:cooked_porkchop":2,"minecraft:sweet_berries":2,"minecraft:torch":3,"minecraft:dripstone_block":4,"minecraft:spruce_sapling":6,"tombstone:grave_dust":2,"minecraft:pointed_dripstone":5,"minecraft:diorite":35,"minecraft:spruce_log":8,"born_in_chaos_v1:pieceofdarkmetal":6,"minecraft:spider_eye":1,"minecraft:bundle":1,"minecraft:arrow":3,"minecraft:rotten_flesh":24,"born_in_chaos_v1:fire_dust":2,"minecraft:granite":16,"minecraft:bone_meal":3,"tombstone:essence_of_undeath":2,"tombstone:magic_scroll":1,"born_in_chaos_v1:rotten_fish":6,"minecraft:mutton":2,"minecraft:iron_bars":9,"minecraft:coal":153,"minecraft:snowball":16,"minecraft:cobblestone":443},"minecraft:custom":{"minecraft:interact_with_furnace":53,"minecraft:mob_kills":53,"minecraft:interact_with_crafting_table":9,"minecraft:damage_dealt_resisted":152,"minecraft:eat_cake_slice":1,"minecraft:leave_game":2,"minecraft:time_since_death":87,"minecraft:time_since_rest":57,"minecraft:damage_taken":3481,"minecraft:sprint_one_cm":123523,"minecraft:walk_one_cm":153439,"minecraft:drop":17,"minecraft:damage_dealt":8077,"minecraft:swim_one_cm":32313,"minecraft:fly_one_cm":243825,"minecraft:open_chest":13,"minecraft:crouch_one_cm":9217,"minecraft:play_time":68706,"tombstone:undead_killed":22,"minecraft:deaths":9,"minecraft:sneak_time":6058,"minecraft:walk_under_water_one_cm":19377,"minecraft:jump":1598,"minecraft:walk_on_water_one_cm":14024,"minecraft:total_world_time":68706,"minecraft:fall_one_cm":48803}},"DataVersion":3465}