{"stats":{"minecraft:mined":{"minecraft:spruce_planks":3,"minecraft:spruce_log":8,"minecraft:granite":2,"minecraft:grass_block":1,"minecraft:coal_ore":2,"minecraft:dirt":2,"minecraft:dripstone_block":2,"minecraft:spruce_leaves":7,"minecraft:stone":38,"minecraft:diorite":1,"minecraft:wall_torch":1},"minecraft:custom":{"minecraft:time_since_rest":2091,"minecraft:interact_with_furnace":3,"minecraft:sprint_one_cm":24889,"minecraft:damage_taken":1255,"minecraft:walk_one_cm":32336,"minecraft:mob_kills":10,"minecraft:damage_dealt":1615,"minecraft:swim_one_cm":6679,"minecraft:interact_with_crafting_table":4,"minecraft:fly_one_cm":65310,"minecraft:crouch_one_cm":3879,"minecraft:play_time":20164,"tombstone:undead_killed":8,"minecraft:deaths":4,"minecraft:sneak_time":1827,"minecraft:walk_under_water_one_cm":4408,"minecraft:damage_dealt_resisted":86,"minecraft:jump":487,"minecraft:walk_on_water_one_cm":4368,"minecraft:leave_game":2,"minecraft:time_since_death":2406,"minecraft:total_world_time":20164,"minecraft:fall_one_cm":18322},"minecraft:crafted":{"justhammers:stone_hammer":1,"minecraft:crafting_table":1,"minecraft:spruce_planks":32,"minecraft:stick":24,"minecraft:wooden_pickaxe":1,"minecraft:stone_sword":1,"minecraft:furnace":1,"minecraft:stone":3,"minecraft:torch":64,"minecraft:stone_axe":1,"minecraft:air":0},"minecraft:used":{"minecraft:stone_sword":19,"minecraft:spruce_planks":3,"minecraft:wooden_pickaxe":37,"justhammers:stone_hammer":75,"minecraft:stone_axe":10,"minecraft:torch":13,"minecraft:cobblestone":60,"minecraft:crafting_table":1,"minecraft:furnace":1,"tombstone:gift":3,"minecraft:dripstone_block":1,"minecraft:granite":6},"minecraft:killed":{"minecraft:skeleton":1,"born_in_chaos_v1:fallen_chaos_knight":1,"born_in_chaos_v1:bonescaller":1,"minecraft:zombie":2,"born_in_chaos_v1:decrepit_skeleton":1,"born_in_chaos_v1:baby_skeleton_minion":2,"born_in_chaos_v1:maggot":2},"minecraft:picked_up":{"born_in_chaos_v1:corpse_maggot":1,"minecraft:raw_iron":4,"born_in_chaos_v1:shattered_skull":1,"born_in_chaos_v1:seedof_chaos":2,"minecraft:torch":1,"minecraft:dripstone_block":4,"born_in_chaos_v1:pieceofdarkmetal":3,"minecraft:spruce_sapling":6,"minecraft:pointed_dripstone":5,"minecraft:diorite":1,"minecraft:spruce_log":8,"minecraft:dirt":3,"minecraft:raw_copper":18,"minecraft:arrow":3,"minecraft:bone":4,"minecraft:rotten_flesh":8,"minecraft:spruce_planks":3,"minecraft:granite":14,"tombstone:magic_scroll":1,"minecraft:coal":83,"minecraft:snowball":16,"minecraft:cobblestone":334}},"DataVersion":3465}