{"stats":{"minecraft:mined":{"minecraft:spruce_log":8,"minecraft:spruce_leaves":7,"minecraft:spruce_planks":3},"minecraft:custom":{"minecraft:jump":60,"minecraft:time_since_rest":3641,"minecraft:leave_game":1,"minecraft:crouch_one_cm":555,"minecraft:play_time":3641,"minecraft:sprint_one_cm":3262,"minecraft:damage_taken":10,"minecraft:time_since_death":3641,"minecraft:walk_one_cm":3704,"minecraft:sneak_time":141,"minecraft:total_world_time":3641,"minecraft:fall_one_cm":2332,"minecraft:fly_one_cm":11577},"minecraft:crafted":{"minecraft:spruce_planks":28},"minecraft:used":{"minecraft:spruce_planks":3},"minecraft:picked_up":{"minecraft:spruce_log":8,"minecraft:spruce_planks":3}},"DataVersion":3465}