{"stats":{"minecraft:crafted":{"minecraft:crafting_table":2,"minecraft:spruce_planks":32,"minecraft:wooden_pickaxe":1,"minecraft:furnace":10,"minecraft:cooked_salmon":4,"minecraft:stone":19,"minecraft:stone_axe":1,"minecraft:air":0,"justhammers:stone_hammer":2,"minecraft:stick":32,"minecraft:stone_pickaxe":1,"minecraft:stone_sword":1,"minecraft:torch":64},"minecraft:mined":{"minecraft:spruce_planks":3,"minecraft:granite":4,"minecraft:grass_block":4,"minecraft:cobblestone":1,"minecraft:spruce_leaves":8,"minecraft:diorite":1,"minecraft:wall_torch":1,"minecraft:iron_ore":4,"minecraft:spruce_log":8,"minecraft:coal_ore":4,"minecraft:dripstone_block":2,"minecraft:dirt":8,"minecraft:stone":39},"minecraft:dropped":{"minecraft:raw_copper":18,"minecraft:raw_iron":3,"minecraft:cobblestone":15,"minecraft:rotten_flesh":14,"minecraft:stone":6,"minecraft:diorite":3,"minecraft:cooked_salmon":3,"minecraft:wooden_pickaxe":1,"minecraft:string":2,"minecraft:spruce_sapling":6},"minecraft:used":{"minecraft:stone_sword":71,"minecraft:stone_pickaxe":7,"minecraft:spruce_planks":3,"minecraft:wooden_pickaxe":40,"minecraft:cooked_salmon":1,"minecraft:torch":13,"minecraft:crafting_table":2,"minecraft:dripstone_block":1,"minecraft:granite":16,"born_in_chaos_v1:corpse_maggot":1,"tombstone:magic_scroll":1,"justhammers:stone_hammer":83,"minecraft:stone_axe":17,"minecraft:cobblestone":197,"minecraft:furnace":5,"tombstone:gift":4,"minecraft:potato":1},"minecraft:killed":{"born_in_chaos_v1:fallen_chaos_knight":1,"born_in_chaos_v1:bonescaller":1,"born_in_chaos_v1:baby_skeleton":1,"minecraft:salmon":6,"minecraft:spider":1,"dungeonsmod:pice":1,"born_in_chaos_v1:zombie_bruiser":1,"born_in_chaos_v1:baby_skeleton_minion":2,"born_in_chaos_v1:decrepit_skeleton":1,"born_in_chaos_v1:maggot":4,"minecraft:skeleton":1,"minecraft:zombie":5,"born_in_chaos_v1:baby_skeleton_2":1,"born_in_chaos_v1:corpse_fish":5},"minecraft:picked_up":{"born_in_chaos_v1:corpse_maggot":1,"minecraft:salmon":6,"born_in_chaos_v1:seedof_chaos":2,"minecraft:potato":1,"minecraft:ice":1,"minecraft:string":2,"minecraft:dirt":10,"minecraft:raw_copper":18,"minecraft:bone":6,"minecraft:spruce_planks":3,"minecraft:iron_ingot":1,"minecraft:raw_iron":6,"minecraft:stone":6,"born_in_chaos_v1:shattered_skull":1,"minecraft:torch":1,"minecraft:dripstone_block":4,"minecraft:spruce_sapling":6,"minecraft:pointed_dripstone":5,"minecraft:diorite":34,"born_in_chaos_v1:pieceofdarkmetal":3,"minecraft:spruce_log":8,"minecraft:bundle":1,"minecraft:arrow":3,"minecraft:rotten_flesh":14,"minecraft:granite":16,"minecraft:bone_meal":3,"tombstone:essence_of_undeath":1,"tombstone:magic_scroll":1,"born_in_chaos_v1:rotten_fish":4,"minecraft:coal":90,"minecraft:snowball":16,"minecraft:cobblestone":418},"minecraft:custom":{"minecraft:interact_with_furnace":35,"minecraft:mob_kills":31,"minecraft:interact_with_crafting_table":9,"minecraft:damage_dealt_resisted":86,"minecraft:leave_game":2,"minecraft:time_since_death":12624,"minecraft:time_since_rest":12030,"minecraft:sprint_one_cm":53537,"minecraft:damage_taken":1875,"minecraft:walk_one_cm":74696,"minecraft:drop":12,"minecraft:damage_dealt":4720,"minecraft:swim_one_cm":24440,"minecraft:fly_one_cm":168397,"minecraft:crouch_one_cm":6016,"minecraft:play_time":45239,"tombstone:undead_killed":14,"minecraft:deaths":5,"minecraft:sneak_time":3526,"minecraft:walk_under_water_one_cm":10582,"minecraft:jump":1075,"minecraft:walk_on_water_one_cm":7394,"minecraft:total_world_time":45239,"minecraft:fall_one_cm":37560}},"DataVersion":3465}